k,rho_true,rho_fit_rr,sigma_rho_rr,sigma_rho_rel_rr,path_rr,rho_fit_roman,sigma_rho_roman,sigma_rho_rel_roman,path_roman,ratio_sigma_rho_rr_over_roman
0,0.01,0.008772455148156541,2.3380432202189096,266.5209659932237,/home/anibal/microlensing/simulation_Rubin/roman_rubin/fits_pspl/rho_sweep_FFPL_test/rho_000/Event_RR_0_TRF.npy,2.2501387512461106e-19,2.8344835853389436,1.2596928006191739e+19,/home/anibal/microlensing/simulation_Rubin/roman_rubin/fits_pspl/rho_sweep_FFPL_test/rho_000/Event_Roman_0_TRF.npy,0.8248568565759853
1,0.01438449888287663,0.026485968748816018,0.33888906994341955,12.795041523960442,/home/anibal/microlensing/simulation_Rubin/roman_rubin/fits_pspl/rho_sweep_FFPL_test/rho_001/Event_RR_1_TRF.npy,0.014369267171246407,227.502025630543,15832.54197442897,/home/anibal/microlensing/simulation_Rubin/roman_rubin/fits_pspl/rho_sweep_FFPL_test/rho_001/Event_Roman_1_TRF.npy,0.0014896090221797236
2,0.0206913808111479,0.03414056890461761,0.3403425787479429,9.968860791359296,/home/anibal/microlensing/simulation_Rubin/roman_rubin/fits_pspl/rho_sweep_FFPL_test/rho_002/Event_RR_2_TRF.npy,0.03429573369890193,0.3418528237911166,9.967794443250588,/home/anibal/microlensing/simulation_Rubin/roman_rubin/fits_pspl/rho_sweep_FFPL_test/rho_002/Event_Roman_2_TRF.npy,0.9955821776563808
3,0.029763514416313176,2.5588333145647093e-32,1.003098813017224,3.9201412898122445e+31,/home/anibal/microlensing/simulation_Rubin/roman_rubin/fits_pspl/rho_sweep_FFPL_test/rho_003/Event_RR_3_TRF.npy,9.935543995951268e-34,1.218508118210956,1.2264130869004233e+33,/home/anibal/microlensing/simulation_Rubin/roman_rubin/fits_pspl/rho_sweep_FFPL_test/rho_003/Event_Roman_3_TRF.npy,0.82321881818071
4,0.04281332398719393,1.3642135478995687e-21,2.027906222973412,1.4865020407513966e+21,/home/anibal/microlensing/simulation_Rubin/roman_rubin/fits_pspl/rho_sweep_FFPL_test/rho_004/Event_RR_4_TRF.npy,1.5123172530779897e-14,2.854068232013259,188721528251061.72,/home/anibal/microlensing/simulation_Rubin/roman_rubin/fits_pspl/rho_sweep_FFPL_test/rho_004/Event_Roman_4_TRF.npy,0.7105317946596278
5,0.06158482110660264,0.10333684861208166,0.17693980250764144,1.7122624202704249,/home/anibal/microlensing/simulation_Rubin/roman_rubin/fits_pspl/rho_sweep_FFPL_test/rho_005/Event_RR_5_TRF.npy,0.03638668600842749,0.19605907143722034,5.388209066135104,/home/anibal/microlensing/simulation_Rubin/roman_rubin/fits_pspl/rho_sweep_FFPL_test/rho_005/Event_Roman_5_TRF.npy,0.9024820999639334
6,0.08858667904100824,0.14690978208181657,0.27512282858943315,1.8727332155200702,/home/anibal/microlensing/simulation_Rubin/roman_rubin/fits_pspl/rho_sweep_FFPL_test/rho_006/Event_RR_6_TRF.npy,0.05124166493553502,0.1940480321292134,3.78691895303045,/home/anibal/microlensing/simulation_Rubin/roman_rubin/fits_pspl/rho_sweep_FFPL_test/rho_006/Event_Roman_6_TRF.npy,1.417807877619874
7,0.12742749857031335,0.25308434229984317,0.12915992663468104,0.5103434114531592,/home/anibal/microlensing/simulation_Rubin/roman_rubin/fits_pspl/rho_sweep_FFPL_test/rho_007/Event_RR_7_TRF.npy,0.20906026486082838,0.1480906249872313,0.7083633280853986,/home/anibal/microlensing/simulation_Rubin/roman_rubin/fits_pspl/rho_sweep_FFPL_test/rho_007/Event_Roman_7_TRF.npy,0.8721681513993036
8,0.18329807108324359,0.36659608911736535,0.2612036268732079,0.7125106749013459,/home/anibal/microlensing/simulation_Rubin/roman_rubin/fits_pspl/rho_sweep_FFPL_test/rho_008/Event_RR_8_TRF.npy,0.35448529018796676,0.245122628098694,0.6914888568964797,/home/anibal/microlensing/simulation_Rubin/roman_rubin/fits_pspl/rho_sweep_FFPL_test/rho_008/Event_Roman_8_TRF.npy,1.0656038934440568
9,0.2636650898730358,0.5273301786561254,0.14302350999342844,0.2712219322586784,/home/anibal/microlensing/simulation_Rubin/roman_rubin/fits_pspl/rho_sweep_FFPL_test/rho_009/Event_RR_9_TRF.npy,0.5105456754061423,0.12960353208478864,0.25385296228723947,/home/anibal/microlensing/simulation_Rubin/roman_rubin/fits_pspl/rho_sweep_FFPL_test/rho_009/Event_Roman_9_TRF.npy,1.1035463902315583
10,0.379269019073225,0.467212691198274,0.22096104428453675,0.47293459370256297,/home/anibal/microlensing/simulation_Rubin/roman_rubin/fits_pspl/rho_sweep_FFPL_test/rho_010/Event_RR_10_TRF.npy,0.5486515621045613,0.22063023870659254,0.4021317972016365,/home/anibal/microlensing/simulation_Rubin/roman_rubin/fits_pspl/rho_sweep_FFPL_test/rho_010/Event_Roman_10_TRF.npy,1.0014993664507799
11,0.5455594781168517,0.5607436620924633,0.140677035667222,0.25087583717357326,/home/anibal/microlensing/simulation_Rubin/roman_rubin/fits_pspl/rho_sweep_FFPL_test/rho_011/Event_RR_11_TRF.npy,0.5234102909561196,0.1384123086978185,0.2644432314178981,/home/anibal/microlensing/simulation_Rubin/roman_rubin/fits_pspl/rho_sweep_FFPL_test/rho_011/Event_Roman_11_TRF.npy,1.0163621789905104
12,0.7847599703514611,1.1149405967253978,0.12121382646323288,0.10871774408362225,/home/anibal/microlensing/simulation_Rubin/roman_rubin/fits_pspl/rho_sweep_FFPL_test/rho_012/Event_RR_12_TRF.npy,1.17197447121064,0.11486208586351591,0.09800732753578184,/home/anibal/microlensing/simulation_Rubin/roman_rubin/fits_pspl/rho_sweep_FFPL_test/rho_012/Event_Roman_12_TRF.npy,1.0552988442789066
13,1.1288378916846884,0.8280751633765868,0.1435420658023402,0.17334424717803187,/home/anibal/microlensing/simulation_Rubin/roman_rubin/fits_pspl/rho_sweep_FFPL_test/rho_013/Event_RR_13_TRF.npy,2.2576671160690065,0.1807751539434053,0.08007166010291476,/home/anibal/microlensing/simulation_Rubin/roman_rubin/fits_pspl/rho_sweep_FFPL_test/rho_013/Event_Roman_13_TRF.npy,0.7940364738800247
14,1.623776739188721,1.3478561199213372,0.039251178839162765,0.02912119347089771,/home/anibal/microlensing/simulation_Rubin/roman_rubin/fits_pspl/rho_sweep_FFPL_test/rho_014/Event_RR_14_TRF.npy,1.5840986231101284,0.051570555878188366,0.032555142164657457,/home/anibal/microlensing/simulation_Rubin/roman_rubin/fits_pspl/rho_sweep_FFPL_test/rho_014/Event_Roman_14_TRF.npy,0.7611160704157535
15,2.335721469090121,2.290866831487802,0.10458448643297763,0.04565280050130863,/home/anibal/microlensing/simulation_Rubin/roman_rubin/fits_pspl/rho_sweep_FFPL_test/rho_015/Event_RR_15_TRF.npy,2.5032068271096812,0.11469039646013383,0.045817387208295805,/home/anibal/microlensing/simulation_Rubin/roman_rubin/fits_pspl/rho_sweep_FFPL_test/rho_015/Event_Roman_15_TRF.npy,0.9118852986904705
16,3.359818286283781,2.976074973354115,0.09706411765091645,0.03261480927730884,/home/anibal/microlensing/simulation_Rubin/roman_rubin/fits_pspl/rho_sweep_FFPL_test/rho_016/Event_RR_16_TRF.npy,1.5848913523055,0.16064869422889994,0.10136259119289691,/home/anibal/microlensing/simulation_Rubin/roman_rubin/fits_pspl/rho_sweep_FFPL_test/rho_016/Event_Roman_16_TRF.npy,0.6042010992794928
17,4.832930238571752,4.786506956597064,0.3245212510661592,0.06779918090767291,/home/anibal/microlensing/simulation_Rubin/roman_rubin/fits_pspl/rho_sweep_FFPL_test/rho_017/Event_RR_17_TRF.npy,5.248090647753238,0.3355190288175474,0.0639316374920442,/home/anibal/microlensing/simulation_Rubin/roman_rubin/fits_pspl/rho_sweep_FFPL_test/rho_017/Event_Roman_17_TRF.npy,0.9672215975643852
18,6.9519279617756045,7.207368875996277,1.9160710797837335,0.26584889891859104,/home/anibal/microlensing/simulation_Rubin/roman_rubin/fits_pspl/rho_sweep_FFPL_test/rho_018/Event_RR_18_TRF.npy,6.578492572421503,1.787001517489152,0.2716430090657331,/home/anibal/microlensing/simulation_Rubin/roman_rubin/fits_pspl/rho_sweep_FFPL_test/rho_018/Event_Roman_18_TRF.npy,1.0722268901460879
19,10.0,9.80211546511998,2.5403455466448683,0.25916298942656596,/home/anibal/microlensing/simulation_Rubin/roman_rubin/fits_pspl/rho_sweep_FFPL_test/rho_019/Event_RR_19_TRF.npy,9.869286560025913,2.191989944266496,0.2221021682706861,/home/anibal/microlensing/simulation_Rubin/roman_rubin/fits_pspl/rho_sweep_FFPL_test/rho_019/Event_Roman_19_TRF.npy,1.1589220805002105
